54.54,54.0,53.46,52.92,52.38,51.84,51.3,50.76,50.22,49.68,49.14,48.6,48.06,47.52,46.98,46.44,45.9,45.36,44.82,44.28,43.74,43.2,42.66,42.12,41.58,41.04,40.5,39.96,39.42,38.88,38.34,37.8,37.26,36.72,36.18,35.64,35.1,34.56,34.02,33.48,32.94,32.4,31.86,31.32,30.78,30.24,29.7,29.16,28.62,28.08,27.54,27.0,26.46,25.92,25.38,24.84,24.3,23.76,23.22,22.68,22.14,21.6,21.06,20.52,19.98,19.44,18.9,18.36,17.82,17.28,16.74,16.2,15.66,15.12,14.58,14.04,13.5,12.96,12.42,11.88,11.34,10.8,10.26,9.72,9.18,8.64,8.1,7.56,7.02,6.48,5.94,5.4,4.86,4.32,3.78,3.24,2.7,2.16,1.62,1.08,0.54
54.5483701464,54.0092634879,53.468312616,52.9276858852,52.3868946263,51.8460999897,51.3052575557,50.7643844864,50.2234794611,49.6825460755,49.1415862279,48.6006020075,48.0595952104,47.518567495,46.9775203753,46.4364552291,45.8953733356,45.3542758635,44.8131638934,44.2720384173,43.7309003645,43.1897505906,42.6485898888,42.1074189983,41.5662386085,41.0251119493,40.4841096835,39.9432292935,39.4024646069,38.8618092081,38.3212561076,37.7807979995,37.2404274141,36.7001368655,36.1599189749,35.6197665719,35.0796727752,34.5396310524,33.9996352631,33.4596796851,32.9197590286,32.3798684379,31.8400034859,31.30016016,30.7603348448,30.2205242991,29.6807256327,29.1409362802,28.6011539757,28.0613767269,27.5216027902,26.9818306467,26.4420589801,25.9022866553,25.3625126992,24.8227362824,24.2829567032,23.7431733725,23.2033858007,22.6635935851,22.1237963996,21.5839939848,21.0441861394,20.5043727128,19.9645535977,19.4247287252,18.8848980586,18.3450615891,17.8052193319,17.2653713227,16.7255176141,16.1856582735,15.6457933805,15.1059230245,14.5660473038,14.0261663231,13.486280193,12.9463890281,12.4064929468,11.8665920699,11.3266865202,10.7867764218,10.2468618997,9.70694307915,9.16702008564,8.62709304443,8.08716208041,7.54722731796,7.007288881,6.46734689328,5.92740147938,5.38745276786,4.84750089942,4.30754605201,3.76758850232,3.22762883393,2.68766837644,2.14771102626,1.6077659701,1.06786471055,0.539987974833
54.5583701464,54.0192634879,53.478312616,52.9376858852,52.3968946263,51.8560999897,51.3152575557,50.7743844864,50.2334794611,49.6925460755,49.1515862279,48.6106020075,48.0695952104,47.528567495,46.9875203753,46.4464552291,45.9053733356,45.3642758635,44.8231638934,44.2820384173,43.7409003645,43.1997505906,42.6585898888,42.1174189983,41.5762386085,41.0350493575,40.493851842,39.952646621,39.4114342143,38.8702151072,38.328989754,37.7877585812,37.2465219857,36.7052803401,36.1640339943,35.6227832752,35.0815284901,34.5402699258,33.9990078529,33.4577425247,32.916474179,32.3752181024,31.8340115757,31.29285913,30.7517616478,30.2107200029,29.6697347237,29.1288060567,28.5879339648,28.0471181412,27.5063580255,26.9656528226,26.4250015229,25.8844029247,25.343855656,24.803358198,24.2629089071,23.7225060372,23.1821477607,22.6418321884,22.1015573882,21.5613214022,21.0211222625,20.480958005,19.9408266823,19.4007263741,18.8606551971,18.3206113127,17.7805929339,17.2405983304,16.7006258332,16.1606738375,15.6207408053,15.0808252667,14.5409258208,14.0010411353,13.461169947,12.9213110599,12.3814633449,11.8416257377,11.3017972375,10.7619769051,10.2221638621,9.68235728939,9.14255642812,8.6027605822,8.06296912528,7.52318151576,6.98339732633,6.44361630105,5.90383846325,5.36406432028,4.82429524855,4.28453423479,3.74478725726,3.20506610171,2.6653932136,2.12581368936,1.58640850488,1.04736048751,0.539983670469
54.5683701464,54.0292634879,53.488312616,52.9476858852,52.4068946263,51.8660999897,51.3252575557,50.7843844864,50.2434794611,49.7025460755,49.1615862279,48.6206020075,48.0795952104,47.538567495,46.9975203753,46.4564552291,45.9153733356,45.3742758635,44.8331638934,44.2920384173,43.7509003645,43.2097505906,42.6685898888,42.1274189983,41.5862386085,41.0450493575,40.503851842,39.962646621,39.4214342143,38.8802151072,38.338989754,37.7977585812,37.2565219858,36.7152803401,36.1740339943,35.6327832752,35.0915284901,34.5502699258,34.0090078529,33.4677425247,32.926474179,32.385203039,31.8439293141,31.3026532014,30.7613748855,30.2200945403,29.6788123283,29.1375284033,28.5962429087,28.0549559799,27.5136677439,26.97237832,26.4310878198,25.889796349,25.3485040062,24.8072126039,24.2659406446,23.7246950842,23.1834772487,22.6422883927,22.1011296911,21.5600022371,21.018907033,20.4778449846,19.9368168965,19.395823468,18.8548652902,18.313942845,17.7730565046,17.2322065323,16.6913930843,16.1506162129,15.60987587,15.0691719117,14.528504104,13.9878721297,13.4472755956,12.906714042,12.3661869536,11.8256937738,11.285233923,10.744806823,10.2044119324,9.6640487967,9.12371712283,8.58341689178,8.04314852942,7.50291316928,6.9627130586,6.42255218854,5.88243727481,5.34237928781,4.80239583651,4.26251489825,3.72278055961,3.18326211052,2.64406703577,2.10536424686,1.56740358862,1.03060127157,0.539991255109
54.5783701464,54.0392634879,53.498312616,52.9576858852,52.4168946263,51.8760999897,51.3352575557,50.7943844864,50.2534794611,49.7125460755,49.1715862279,48.6306020075,48.0895952104,47.548567495,47.0075203753,46.4664552291,45.9253733356,45.3842758635,44.8431638934,44.3020384173,43.7609003645,43.2197505906,42.6785898888,42.1374189983,41.5962386085,41.0550493575,40.513851842,39.972646621,39.4314342143,38.8902151072,38.348989754,37.8077585812,37.2665219858,36.7252803401,36.1840339943,35.6427832752,35.1015284901,34.5602699258,34.0190078529,33.4777425247,32.936474179,32.395203039,31.8539293141,31.3126532014,30.7713748855,30.2300945403,29.6888123283,29.1475284033,28.6062429087,28.0649559799,27.5236677439,26.98237832,26.4410878198,25.899796349,25.3585040062,24.8172108841,24.2759170699,23.7346226452,23.1933276867,22.6520322668,22.1107364532,21.5694403096,21.0281438965,20.4868472714,19.9455504901,19.4042536076,18.8629566806,18.3216597702,17.7803629468,17.2390717365,16.6977941071,16.1565312809,15.6152841551,15.0740537006,14.5328409027,13.9916467795,13.4504723924,12.9093188682,12.3681874302,11.8270794456,11.285996494,10.7449404653,10.2039137008,9.6629191921,9.12196086373,8.58104397141,8.04017566307,7.49936576764,6.95862790236,6.41798102439,5.8774516003,5.3370766316,4.79690785338,4.25701754322,3.71750643449,3.17851462529,2.64023535486,2.10293661267,1.56697265614,1.0328749827,0.539996616775
54.5883701464,54.0492634879,53.508312616,52.9676858852,52.4268946263,51.8860999897,51.3452575557,50.8043844864,50.2634794611,49.7225460755,49.1815862279,48.6406020075,48.0995952104,47.558567495,47.0175203753,46.4764552291,45.9353733356,45.3942758635,44.8531638934,44.3120384173,43.7709003645,43.2297505906,42.6885898888,42.1474189983,41.6062386085,41.0650493575,40.523851842,39.982646621,39.4414342143,38.9002151072,38.358989754,37.8177585812,37.2765219858,36.7352803401,36.1940339943,35.6527832752,35.1115284901,34.5702699258,34.0290078529,33.4877425247,32.946474179,32.405203039,31.8639293141,31.3226532014,30.7813748855,30.2400945403,29.6988123283,29.1575284033,28.6162429087,28.0749559799,27.5336677439,26.99237832,26.4510878198,25.909796349,25.3685040062,24.8272108841,24.2859170699,23.7446226452,23.2033276868,22.6620322668,22.1207364532,21.5794403096,21.0381438965,20.4968472714,19.9555504901,19.4142536076,18.8729566806,18.3316597702,17.7903629468,17.2490662972,16.7077699345,16.1664740117,15.6251787406,15.0838844176,14.5425914575,14.0013004378,13.4600121569,12.9187277082,12.3774485737,11.8361767421,11.2949148546,10.753666386,10.212435868,9.67122935558,9.13005568023,8.58892424265,8.04784672405,7.50683843675,6.96591948458,6.42511631016,5.88446373392,5.34400764869,4.80380855179,4.26394623941,3.72452568494,3.1856856104,2.6476053897,2.11053011449,1.57473260026,1.04075330348,0.539996379113
54.5983701464,54.0592634879,53.518312616,52.9776858852,52.4368946263,51.8960999897,51.3552575557,50.8143844865,50.2734794611,49.7325460755,49.1915862279,48.6506020075,48.1095952104,47.568567495,47.0275203753,46.4864552291,45.9453733356,45.4042758635,44.8631638934,44.3220384173,43.7809003645,43.2397505906,42.6985898889,42.1574189983,41.6162386085,41.0750493575,40.533851842,39.992646621,39.4514342143,38.9102151072,38.3689897541,37.8277585812,37.2865219858,36.7452803401,36.2040339943,35.6627832752,35.1215284901,34.5802699258,34.0390078529,33.4977425247,32.956474179,32.415203039,31.8739293142,31.3326532014,30.7913748855,30.2500945403,29.7088123283,29.1675284033,28.6262429087,28.0849559799,27.5436677439,27.00237832,26.4610878198,25.919796349,25.3785040062,24.8372108841,24.2959170699,23.7546226452,23.2133276868,22.6720322669,22.1307364532,21.5894403096,21.0481438965,20.5068472714,19.9655504901,19.4242536077,18.8829566806,18.3416597702,17.8003629468,17.2590662972,16.7177699345,16.1764740117,15.6351787406,15.0938844176,14.5525914575,14.0113004378,13.4700121569,12.9287277082,12.3874485737,11.8461767421,11.3049148546,10.763666386,10.222435868,9.68122916724,9.14005383647,8.59891956732,8.05783879098,7.51682749173,6.97590631784,6.43510208148,5.89444974871,5.35399507956,4.81379813734,4.27393802767,3.73451881086,3.19567776565,2.65758788334,2.12030168023,1.58389501308,1.04898576399,0.539996328625
54.6083701464,54.069263488,53.528312616,52.9876858852,52.4468946263,51.9060999897,51.3652575557,50.8243844865,50.2834794611,49.7425460755,49.2015862279,48.6606020075,48.1195952104,47.578567495,47.0375203753,46.4964552292,45.9553733356,45.4142758635,44.8731638934,44.3320384173,43.7909003645,43.2497505906,42.7085898889,42.1674189983,41.6262386085,41.0850493575,40.543851842,40.002646621,39.4614342143,38.9202151072,38.3789897541,37.8377585812,37.2965219858,36.7552803401,36.2140339943,35.6727832752,35.1315284901,34.5902699258,34.0490078529,33.5077425247,32.966474179,32.425203039,31.8839293142,31.3426532014,30.8013748855,30.2600945403,29.7188123283,29.1775284033,28.6362429087,28.0949559799,27.5536677439,27.01237832,26.4710878198,25.929796349,25.3885040062,24.8472108841,24.3059170699,23.7646226452,23.2233276868,22.6820322669,22.1407364532,21.5994403096,21.0581438965,20.5168472714,19.9755504901,19.4342536077,18.8929566806,18.3516597702,17.8103629468,17.2690662972,16.7277699345,16.1864740117,15.6451787406,15.1038844176,14.5625914575,14.0213004378,13.4800121569,12.9387277082,12.3974485737,11.8561767421,11.3149148546,10.773666386,10.232435868,9.69122916724,9.15005383647,8.60891956732,8.06783879098,7.52682749173,6.98590631784,6.44510208148,5.90444974871,5.36399507956,4.82379813734,4.28393802767,3.74451881086,3.20567776565,2.66758788334,2.12989324615,1.5926590246,1.05655597343,0.539996297259
54.6183701464,54.079263488,53.538312616,52.9976858852,52.4568946263,51.9160999897,51.3752575557,50.8343844865,50.2934794611,49.7525460755,49.2115862279,48.6706020075,48.1295952104,47.588567495,47.0475203753,46.5064552292,45.9653733356,45.4242758635,44.8831638934,44.3420384173,43.8009003645,43.2597505906,42.7185898889,42.1774189983,41.6362386085,41.0950493575,40.553851842,40.012646621,39.4714342143,38.9302151072,38.3889897541,37.8477585812,37.3065219858,36.7652803401,36.2240339943,35.6827832752,35.1415284901,34.6002699258,34.0590078529,33.5177425247,32.976474179,32.435203039,31.8939293142,31.3526532014,30.8113748855,30.2700945403,29.7288123283,29.1875284033,28.6462429087,28.1049559799,27.5636677439,27.02237832,26.4810878198,25.939796349,25.3985040062,24.8572108841,24.3159170699,23.7746226452,23.2333276868,22.6920322669,22.1507364532,21.6094403096,21.0681438965,20.5268472714,19.9855504901,19.4442536077,18.9029566806,18.3616597702,17.8203629468,17.2790662972,16.7377699345,16.1964740117,15.6551787406,15.1138844176,14.5725914575,14.0313004378,13.4900121569,12.9487277082,12.4074485737,11.8661767421,11.3249148546,10.783666386,10.242435868,9.70122916724,9.16005383647,8.61891956732,8.07783879098,7.53682749173,6.99590631784,6.45510208148,5.91444974871,5.37399507956,4.83379813734,4.29393802767,3.75451881086,3.21567776564,2.67758788334,2.13928840401,1.60103245508,1.06351800072,0.539996262955
54.6283701465,54.089263488,53.548312616,53.0076858852,52.4668946263,51.9260999897,51.3852575557,50.8443844865,50.3034794611,49.7625460755,49.2215862279,48.6806020075,48.1395952104,47.598567495,47.0575203753,46.5164552292,45.9753733356,45.4342758635,44.8931638934,44.3520384173,43.8109003645,43.2697505906,42.7285898889,42.1874189983,41.6462386085,41.1050493575,40.563851842,40.022646621,39.4814342143,38.9402151073,38.3989897541,37.8577585812,37.3165219858,36.7752803401,36.2340339943,35.6927832752,35.1515284901,34.6102699258,34.0690078529,33.5277425247,32.986474179,32.445203039,31.9039293142,31.3626532014,30.8213748855,30.2800945403,29.7388123283,29.1975284033,28.6562429087,28.1149559799,27.5736677439,27.03237832,26.4910878198,25.949796349,25.4085040062,24.8672108841,24.3259170699,23.7846226452,23.2433276868,22.7020322669,22.1607364532,21.6194403096,21.0781438965,20.5368472714,19.9955504901,19.4542536077,18.9129566806,18.3716597702,17.8303629468,17.2890662972,16.7477699345,16.2064740117,15.6651787406,15.1238844176,14.5825914575,14.0413004378,13.5000121569,12.9587277082,12.4174485737,11.8761767421,11.3349148546,10.793666386,10.252435868,9.71122916724,9.17005383647,8.62891956732,8.08783879097,7.54682749173,7.00590631784,6.46510208148,5.92444974871,5.38399507956,4.84379813734,4.30393802767,3.76451881086,3.22567776564,2.68758788334,2.14861995194,1.60914305815,1.06998781996,0.539996223757
54.6383701465,54.099263488,53.558312616,53.0176858852,52.4768946263,51.9360999897,51.3952575557,50.8543844865,50.3134794611,49.7725460755,49.2315862279,48.6906020076,48.1495952104,47.608567495,47.0675203753,46.5264552292,45.9853733356,45.4442758635,44.9031638934,44.3620384173,43.8209003645,43.2797505906,42.7385898889,42.1974189983,41.6562386085,41.1150493575,40.573851842,40.032646621,39.4914342143,38.9502151073,38.4089897541,37.8677585812,37.3265219858,36.7852803402,36.2440339943,35.7027832752,35.1615284901,34.6202699258,34.0790078529,33.5377425247,32.996474179,32.455203039,31.9139293142,31.3726532014,30.8313748855,30.2900945403,29.7488123283,29.2075284033,28.6662429087,28.1249559799,27.5836677439,27.04237832,26.5010878198,25.959796349,25.4185040062,24.8772108841,24.3359170699,23.7946226452,23.2533276868,22.7120322669,22.1707364532,21.6294403096,21.0881438965,20.5468472714,20.0055504901,19.4642536077,18.9229566806,18.3816597702,17.8403629468,17.2990662972,16.7577699345,16.2164740117,15.6751787406,15.1338844176,14.5925914575,14.0513004378,13.5100121569,12.9687277082,12.4274485737,11.8861767421,11.3449148546,10.803666386,10.262435868,9.72122916724,9.18005383647,8.63891956732,8.09783879097,7.55682749173,7.01590631784,6.47510208148,5.93444974871,5.39399507956,4.85379813734,4.31393802767,3.77451881085,3.23567776564,2.69758788334,2.15801737857,1.61711229685,1.07607070238,0.539996180525
54.6357188252,54.0978406105,53.5628322,53.0257784853,52.4867928482,51.9460999897,51.4052575557,50.8643844865,50.3234794611,49.7825460755,49.2415862279,48.7006020076,48.1595952104,47.618567495,47.0775203753,46.5364552292,45.9953733356,45.4542758635,44.9131638934,44.3720384173,43.8309003645,43.2897505906,42.7485898889,42.2074189983,41.6662386085,41.1250493575,40.583851842,40.042646621,39.5014342143,38.9602151073,38.4189897541,37.8777585812,37.3365219858,36.7952803402,36.2540339943,35.7127832752,35.1715284901,34.6302699258,34.0890078529,33.5477425247,33.006474179,32.465203039,31.9239293142,31.3826532014,30.8413748855,30.3000945403,29.7588123283,29.2175284033,28.6762429087,28.1349559799,27.5936677439,27.05237832,26.5110878199,25.969796349,25.4285040062,24.8872108841,24.3459170699,23.8046226452,23.2633276868,22.7220322669,22.1807364532,21.6394403096,21.0981438965,20.5568472714,20.0155504901,19.4742536077,18.9329566806,18.3916597702,17.8503629468,17.3090662972,16.7677699345,16.2264740117,15.6851787406,15.1438844176,14.6025914575,14.0613004378,13.5200121569,12.9787277082,12.4374485737,11.8961767421,11.3549148546,10.813666386,10.272435868,9.73122916724,9.19005383647,8.64891956732,8.10783879097,7.56682749173,7.02590631784,6.48510208148,5.94444974871,5.40399507956,4.86379813734,4.32393802767,3.78451881085,3.24567776564,2.70758788334,2.16755169293,1.62501196855,1.08183910956,0.539996135921
54.6180383147,54.0802481282,53.5473062158,53.0131635405,52.4785291319,51.94330328,51.4073176315,50.8703846378,50.3322361708,49.7925220303,49.2515862279,48.7106020076,48.1695952104,47.628567495,47.0875203753,46.5464552292,46.0053733357,45.4642758635,44.9231638934,44.3820384173,43.8409003645,43.2997505906,42.7585898889,42.2174189983,41.6762386085,41.1350493575,40.593851842,40.052646621,39.5114342143,38.9702151073,38.4289897541,37.8877585812,37.3465219858,36.8052803402,36.2640339943,35.7227832752,35.1815284901,34.6402699258,34.0990078529,33.5577425247,33.016474179,32.475203039,31.9339293142,31.3926532014,30.8513748855,30.3100945403,29.7688123283,29.2275284033,28.6862429087,28.1449559799,27.6036677439,27.06237832,26.5210878199,25.979796349,25.4385040062,24.8972108841,24.3559170699,23.8146226452,23.2733276868,22.7320322669,22.1907364532,21.6494403096,21.1081438965,20.5668472714,20.0255504901,19.4842536077,18.9429566806,18.4016597702,17.8603629468,17.3190662972,16.7777699345,16.2364740117,15.6951787406,15.1538844176,14.6125914575,14.0713004378,13.5300121569,12.9887277082,12.4474485737,11.9061767421,11.3649148546,10.823666386,10.282435868,9.74122916724,9.20005383647,8.65891956732,8.11783879097,7.57682749173,7.03590631783,6.49510208148,5.95444974871,5.41399507956,4.87379813734,4.33393802767,3.79451881085,3.25567776564,2.71758788334,2.17721342236,1.63284794691,1.08732580359,0.539996093013
54.5981226303,54.0601670896,53.5273402241,52.9933582952,52.4590530478,51.9244305543,51.3894926586,50.854270915,50.3187688893,49.7829744128,49.2468436485,48.7102929712,48.1731917644,47.6353587055,47.096551033,46.5564445969,46.0153733357,45.4742758635,44.9331638934,44.3920384173,43.8509003645,43.3097505906,42.7685898889,42.2274189983,41.6862386085,41.1450493575,40.603851842,40.062646621,39.5214342143,38.9802151073,38.4389897541,37.8977585812,37.3565219858,36.8152803402,36.2740339943,35.7327832752,35.1915284901,34.6502699258,34.1090078529,33.5677425247,33.026474179,32.485203039,31.9439293142,31.4026532014,30.8613748855,30.3200945403,29.7788123283,29.2375284033,28.6962429087,28.1549559799,27.6136677439,27.07237832,26.5310878199,25.989796349,25.4485040062,24.9072108841,24.3659170699,23.8246226452,23.2833276868,22.7420322669,22.2007364532,21.6594403096,21.1181438965,20.5768472714,20.0355504901,19.4942536077,18.9529566806,18.4116597702,17.8703629468,17.3290662972,16.7877699345,16.2464740117,15.7051787406,15.1638844176,14.6225914575,14.0813004378,13.5400121569,12.9987277082,12.4574485737,11.9161767421,11.3749148546,10.833666386,10.292435868,9.75122916724,9.21005383647,8.66891956732,8.12783879097,7.58682749173,7.04590631783,6.50510208148,5.96444974871,5.42399507956,4.88379813734,4.34393802767,3.80451881085,3.26567776564,2.72758788334,2.18692256508,1.64056944825,1.09253043981,0.539996054291
54.5781129539,54.0399819844,53.507171604,52.9731721896,52.4388616652,51.9042397257,51.3693155205,50.8341308778,50.2987094417,49.7630755243,49.2272480823,48.6912427065,48.1550710312,47.6187402114,47.0822512029,46.5455954389,46.0087493475,45.4716667515,44.9342711164,44.3964493685,43.8580453772,43.3188474436,42.7785704052,42.2374189983,41.6962386085,41.1550493575,40.613851842,40.072646621,39.5314342143,38.9902151073,38.4489897541,37.9077585812,37.3665219858,36.8252803402,36.2840339943,35.7427832752,35.2015284901,34.6602699258,34.1190078529,33.5777425247,33.036474179,32.495203039,31.9539293142,31.4126532014,30.8713748855,30.3300945403,29.7888123283,29.2475284033,28.7062429087,28.1649559799,27.6236677439,27.08237832,26.5410878199,25.999796349,25.4585040062,24.9172108841,24.3759170699,23.8346226452,23.2933276868,22.7520322669,22.2107364532,21.6694403096,21.1281438965,20.5868472714,20.0455504901,19.5042536077,18.9629566806,18.4216597702,17.8803629468,17.3390662972,16.7977699345,16.2564740117,15.7151787406,15.1738844176,14.6325914575,14.0913004378,13.5500121569,13.0087277082,12.4674485737,11.9261767421,11.3849148546,10.843666386,10.302435868,9.76122916724,9.22005383647,8.67891956732,8.13783879097,7.59682749173,7.05590631783,6.51510208148,5.97444974871,5.43399507956,4.89379813734,4.35393802767,3.81451881085,3.27567776564,2.73758788334,2.19655390868,1.64809020155,1.09743197644,0.539996021356
54.5581006797,54.0197941855,53.4869987511,52.9529785917,52.4186564996,51.8840228398,51.3490885106,50.8138949612,50.2784659342,49.7428259644,49.2069946108,48.6709887457,48.1348225693,47.5985082155,47.0620561013,46.525475212,45.9887733402,45.4519571849,44.9150323802,44.3780033672,43.8408730155,43.3036418265,42.7663063889,42.2288567205,41.6912720511,41.153515126,40.6155261924,40.0772173561,39.5384649269,38.9990984715,38.4588847267,37.9177585812,37.3765219858,36.8352803402,36.2940339943,35.7527832752,35.2115284901,34.6702699258,34.1290078529,33.5877425247,33.046474179,32.505203039,31.9639293142,31.4226532014,30.8813748855,30.3400945403,29.7988123283,29.2575284033,28.7162429087,28.1749559799,27.6336677439,27.09237832,26.5510878199,26.009796349,25.4685040062,24.9272108841,24.3859170699,23.8446226452,23.3033276868,22.7620322669,22.2207364532,21.6794403096,21.1381438965,20.5968472714,20.0555504901,19.5142536077,18.9729566806,18.4316597702,17.8903629468,17.3490662972,16.8077699346,16.2664740117,15.7251787406,15.1838844176,14.6425914575,14.1013004378,13.5600121569,13.0187277082,12.4774485737,11.9361767421,11.3949148546,10.853666386,10.312435868,9.77122916724,9.23005383647,8.68891956732,8.14783879097,7.60682749173,7.06590631783,6.52510208148,5.98444974871,5.44399507956,4.90379813734,4.36393802767,3.82451881085,3.28567776564,2.74758788334,2.20596291575,1.65530959017,1.10200053019,0.539995995037
54.5380875576,53.9996055908,53.4668253321,52.9327844038,52.3984507487,51.8638052955,51.3288606593,50.7936578056,50.2582203851,49.7225727856,49.1867344552,48.6507221763,48.1145500834,47.5782302704,47.0417731475,46.5051877435,45.9684819797,45.4316628384,44.8947365245,44.35770859,43.8205840305,43.2833673683,42.7460626952,42.2086737332,41.6712038716,41.1336561526,40.5960332893,40.0583375842,39.5205708049,38.9827339085,38.4448265267,37.9068460296,37.3687859049,36.8306331744,36.2923647602,35.7539431604,35.2153118757,34.676388977,34.1370578833,33.5971560728,33.0564686193,32.515203039,31.9739293142,31.4326532014,30.8913748855,30.3500945403,29.8088123284,29.2675284033,28.7262429087,28.1849559799,27.6436677439,27.10237832,26.5610878199,26.019796349,25.4785040062,24.9372108841,24.3959170699,23.8546226452,23.3133276868,22.7720322669,22.2307364532,21.6894403096,21.1481438965,20.6068472714,20.0655504901,19.5242536077,18.9829566806,18.4416597702,17.9003629468,17.3590662972,16.8177699346,16.2764740117,15.7351787406,15.1938844176,14.6525914575,14.1113004378,13.5700121569,13.0287277082,12.4874485737,11.9461767421,11.4049148546,10.863666386,10.322435868,9.78122916724,9.24005383647,8.69891956732,8.15783879097,7.61682749173,7.07590631783,6.53510208148,5.99444974871,5.45399507956,4.91379813734,4.37393802767,3.83451881085,3.29567776564,2.75758788334,2.21500369477,1.66212708942,1.10620528258,0.539995975758
54.5180736127,53.9794162256,53.4466513858,52.9125896964,52.3782445435,51.8435873397,51.3086324366,50.7734203108,50.2379745219,49.7023193096,49.1664740085,48.6304553051,48.0942772564,47.5579518931,47.0214895736,46.4848992843,45.9481889115,45.4113654084,44.8744349562,44.3374030877,43.8002747851,43.2630545635,42.7257465171,42.1883543873,41.6508816111,41.1133313318,40.5757064612,40.0380096829,39.5002434848,38.962410175,38.424511898,37.8865506499,37.3485282859,36.8104465322,36.2723069908,35.7341111314,35.1958602908,34.657555646,34.1191981477,33.5807884443,33.042326667,32.5038121015,31.9652425799,31.4266135015,30.887916242,30.3491359959,29.8102490814,29.2712195227,28.7319939159,28.192493381,27.6526066326,27.1121845876,26.5710878199,26.029796349,25.4885040062,24.9472108841,24.4059170699,23.8646226452,23.3233276868,22.7820322669,22.2407364532,21.6994403096,21.1581438965,20.6168472714,20.0755504901,19.5342536077,18.9929566806,18.4516597702,17.9103629468,17.3690662972,16.8277699346,16.2864740117,15.7451787406,15.2038844176,14.6625914575,14.1213004378,13.5800121569,13.0387277082,12.4974485737,11.9561767421,11.4149148546,10.873666386,10.332435868,9.79122916724,9.25005383647,8.70891956732,8.16783879097,7.62682749173,7.08590631783,6.54510208148,6.00444974871,5.46399507955,4.92379813734,4.38393802767,3.84451881085,3.30567776564,2.76758788334,2.22353249274,1.66844501468,1.11001601445,0.539995964254
54.4980588515,53.9592260954,53.4264769144,52.8923944721,52.3580378865,51.8233689752,51.2884038463,50.7531824827,50.2177283546,49.6820655541,49.1462133034,48.6101881938,48.074004205,47.537673305,47.0012058006,46.464610636,45.9278956622,45.3910678028,44.8541332139,44.3170974073,43.7799653465,43.2427415306,42.70543004,42.1680346038,41.630558648,41.0930053063,40.555377482,40.0176778512,39.4799088952,38.9420729169,38.4041720572,37.8662083107,37.3281835352,36.7900994662,36.2519577268,35.7137598297,35.1755071936,34.6372011495,34.098842933,33.5604337158,33.0219745859,32.4834665643,31.9449105996,31.4063075933,30.867658373,30.3289637171,29.7902243511,29.2514409322,28.7126140773,28.1737443291,27.6348321538,27.0958779213,26.5568818623,26.0178439781,25.4787639279,24.9396407982,24.4004727515,23.8612564597,23.3219863216,22.7826533912,22.2432438585,21.7037363838,21.1640975936,20.6242767951,20.0842030032,19.5437869965,19.0029271154,18.4616597702,17.9203629468,17.3790662972,16.8377699346,16.2964740118,15.7551787406,15.2138844176,14.6725914575,14.1313004378,13.5900121569,13.0487277082,12.5074485737,11.9661767421,11.4249148546,10.883666386,10.342435868,9.80122916724,9.26005383647,8.71891956732,8.17783879097,7.63682749173,7.09590631783,6.55510208148,6.01444974871,5.47399507955,4.93379813734,4.39393802766,3.85451881085,3.31567776564,2.77758788333,2.23137681713,1.67414440735,1.11339067148,0.539995964136
54.4780432803,53.9390352058,53.4063019197,52.8721987329,52.3378307794,51.8031502035,51.2681748899,50.7329443223,50.197481884,49.6618115201,49.1259523408,48.589920843,48.0537309299,47.5173945071,46.9809218299,46.444321801,45.9076022358,45.3707700288,44.8338313113,44.2967915736,43.7596557612,43.2224283571,42.6851134277,42.1477146901,41.610235559,41.0726791589,40.535048384,39.9973459027,39.4595741892,38.9217355398,38.3838320897,37.845865828,37.3078386075,36.7697521591,36.2316081017,35.693407944,35.1551531013,34.6168449008,34.0784845753,33.5400732937,33.0016121412,32.4631021366,31.924544227,31.385939313,30.8472882223,30.3085917359,29.7698505853,29.2310654399,28.6922369401,28.1533656712,27.614452176,27.075496961,26.5365004974,25.9974632096,25.4583854937,24.9192677106,24.3801101945,23.8409132418,23.3016771222,22.7624020747,22.223088311,21.6837360215,21.1443453641,20.6049164773,20.0654494684,19.5259444286,18.9864014235,18.4468205046,17.9072016879,17.3675449987,16.8278504319,16.288117993,15.7483476844,15.2085395419,14.6686936391,14.128810136,13.588889327,13.0489315995,12.5089372069,11.9689054653,11.428833292,10.8887136171,10.3485348998,9.80828272091,9.26794330816,8.7275081057,8.18697826122,7.64636827333,7.10570844016,6.56504616251,6.02444608209,5.48399507955,4.94379813734,4.40393802766,3.86451881085,3.32563163039,2.78651146246,2.2378581549,1.67877784163,1.11610375118,0.539995820649
54.4580269054,53.9188435622,53.3861264035,52.8520024811,52.3176232242,51.7829310263,51.2479455684,50.7127058308,50.1772351111,49.6415572082,49.1056911213,48.5696532534,48.0334574318,47.4971154998,46.9606376621,46.4240327795,45.8873086328,45.3504720869,44.8135292485,44.276485587,43.7393460296,43.2021150431,42.6647966805,42.1273946465,41.589912345,41.0523528907,40.5147191693,39.9770138412,39.4392393737,38.9013980566,38.3634920191,37.8255232449,37.2874935821,36.7494047569,36.2112583837,35.6730559676,35.13479892,34.5964885648,34.0581261318,33.5197127867,32.9812496118,32.4427376233,31.9041777661,31.365570938,30.8269179649,30.2882196254,29.7494766489,29.2106897034,28.6718594269,28.1329864034,27.594071174,27.0551142435,26.5161160817,25.9770771115,25.4379977279,24.8988782903,24.3597191318,23.8205205477,23.2812828067,22.7420061472,22.2026907803,21.6633368962,21.1239446535,20.5845141919,20.0450456217,19.5055390393,18.965994519,18.426412126,17.8867918988,17.3471338962,16.8074381648,16.267704786,15.7279338718,15.1881256116,14.6482802857,14.108398324,13.5684803732,13.0285273497,12.4885405581,11.9485217964,11.4084735182,10.8683990195,10.3283026639,9.78819017915,9.24806898529,8.70794860758,8.16784116087,7.62776194512,7.08773010554,6.54776935733,6.00790853084,5.46818176196,4.92862772022,4.38928661882,3.85018908586,3.31129092817,2.77173899956,2.22276356658,1.663710956,1.10111454664,0.539984336766
