54.74,54.2,53.66,53.12,52.58,52.04,51.5,50.96,50.42,49.88,49.34,48.8,48.26,47.72,47.18,46.64,46.1,45.56,45.02,44.48,43.94,43.4,42.86,42.32,41.78,41.24,40.7,40.16,39.62,39.08,38.54,38.0,37.46,36.92,36.38,35.84,35.3,34.76,34.22,33.68,33.14,32.6,32.06,31.52,30.98,30.44,29.9,29.36,28.82,28.28,27.74,27.2,26.66,26.12,25.58,25.04,24.5,23.96,23.42,22.88,22.34,21.8,21.26,20.72,20.18,19.64,19.1,18.56,18.02,17.48,16.94,16.4,15.86,15.32,14.78,14.24,13.7,13.16,12.62,12.08,11.54,11.0,10.46,9.92,9.38,8.84,8.3,7.76,7.22,6.68,6.14,5.6,5.06,4.52,3.98,3.44,2.9,2.36,1.82,1.28,0.74
58.7812672142,58.1182443484,57.0080869589,56.0709364696,55.1504629429,54.2836871577,53.4585917272,52.6748104556,51.9285690385,51.2165774128,50.5351938257,49.8807634008,49.2496793555,48.6384482379,48.0439190489,47.4634537741,46.8836236912,46.3034160958,45.7234640201,45.1441139431,44.5656460169,43.9882833028,43.4121973684,42.8375144776,42.2643205262,41.692666606,41.1225745288,40.5540420788,39.9870478084,39.4215553072,38.8575169218,38.2948769401,37.7335742669,37.1735446322,36.6147223805,36.0570418916,35.5004386842,34.9448502503,34.3902166666,33.8364810218,33.283589696,32.7314925219,32.180142852,31.6294975549,31.0795169531,30.5301647179,29.9814077292,29.4332159053,28.8855620085,28.3384214256,27.7917719252,27.2455933897,26.6998675214,26.1545775215,25.6097077444,25.0652433293,24.5211698172,23.977472765,23.4341373725,22.8911481436,22.3484886034,21.8061410974,21.2640866922,20.7223051929,20.1807752835,19.639474783,19.0983809987,18.5574711473,18.0167228078,17.4761143666,16.9356254198,16.3952371033,15.8549323324,15.3146959433,14.7745147394,14.2343774527,13.694274638,13.1541985177,12.6141427961,12.0741024606,11.5340735834,10.9940531334,10.4540388059,9.91402887377,9.37402206024,8.83401743445,8.29401432697,7.75401226407,7.21401091917,6.67401008335,6.13400966477,5.59400975054,5.05401083479,4.51401450836,3.97402550258,3.43405753492,2.89415057311,2.35441928225,1.81519784118,1.27742920851,0.743822713699
60.3332150556,59.6672271152,58.5393312462,57.570021606,56.6037694096,55.6787743684,54.7845369669,53.9224804748,53.0908150708,52.2883455361,51.5135465751,50.7648240822,50.0404820244,49.3387642098,48.6578777629,47.9960207216,47.3514072862,46.7222915311,46.1069887406,45.5038938189,44.911497332,44.3283929021,43.7532944265,43.1849684019,42.6224378665,42.0641998475,41.5043857806,40.9440936807,40.383262229,39.8220468687,39.2605652706,38.6989343943,38.1372604973,37.5756395585,37.014157018,36.4528880685,35.8918980515,35.3312429576,34.770970001,34.2111182521,33.6517193069,33.0927979715,32.5343729449,31.9764574864,31.4190600545,30.8621849129,30.3058326952,29.7500009265,29.1946845015,28.6398761158,28.0855666551,27.5317455407,26.9784010357,26.425520513,25.8730906898,25.3210978294,24.7695279143,24.2183667942,23.6676003105,23.1172144,22.5671951811,22.0175290243,21.4682026085,20.919202966,20.370517517,19.8221340955,19.2740409681,18.7262268463,18.1786808938,17.6313927295,17.0843524272,16.5375505123,15.9909779559,15.4446261684,14.8984869899,14.3525526816,13.8068159145,13.2612697596,12.7159076762,12.1707235011,11.6257114372,11.0808660425,10.5361822193,9.99165520306,9.44728055225,8.90305413839,8.35897213775,7.81503102676,7.27122758751,6.72755893972,6.18402264365,5.64061699021,5.0973417927,4.55420049824,4.0112058732,3.46839496626,2.92586977148,2.38390201037,1.84322245449,1.30571165122,0.776270799139
61.5178630752,60.8505779243,59.7149087463,58.7314230476,57.7447792633,56.7934618278,55.8673506341,54.9683337266,54.0951609216,53.2472388343,52.4236920593,51.6236091601,50.8459936212,50.0897895202,49.3538892585,48.6371462788,47.9383867892,47.2564217326,46.5900584349,45.9381118192,45.2994149716,44.672828886,44.0572512331,43.4516240256,42.8549400851,42.266248232,41.6846571679,41.1093379269,40.5395252274,39.9745173558,39.41367739,38.8564357775,38.3022832391,37.7508459648,37.1994868489,36.6473839505,36.0947394194,35.5415974646,34.9880220475,34.4340716752,33.8798037307,33.3252739776,32.7705362034,32.2156417736,31.660639276,31.1055742732,30.5504891456,29.9954230073,29.4404116794,28.885487713,28.3306804512,27.7760161247,27.2215179737,26.6672063901,26.1130990744,25.5592112028,25.0055555999,24.4521429141,23.8989817918,23.3460790492,22.7934398386,22.2410678089,21.6889652576,21.1371332758,20.5855718828,20.034280153,19.4832563326,18.9324979478,18.3820019036,17.8317645742,17.2817818854,16.7320493885,16.1825623272,15.6333156978,15.0843043029,14.5355227982,13.9869657357,13.4386276,12.8905028418,12.3425859058,11.7948712569,11.2473534027,10.700026915,10.1528864527,9.60592678964,9.05914285569,8.51252980947,7.96608317669,7.41979912802,6.87367504748,6.32771070593,5.78191069072,5.23628944957,4.69088173662,4.14576433721,3.60110067713,3.057233688,2.51486918758,1.97545712415,1.44181949568,0.919465960541
62.5138669012,61.845813605,60.7055388151,59.7136363555,58.7148392256,57.7477474564,56.8023975365,55.8808723432,54.9821518098,54.1059042398,53.2515432449,52.4184690052,51.6060141129,50.8134638594,50.0400584183,49.2849999715,48.5474589217,47.8265805536,47.1214917005,46.4313074182,45.7551375594,45.0920931677,44.4412926066,43.8018673473,43.1729673411,42.553765914,41.9434641295,41.3412945777,40.7465245609,40.1584586614,39.5764406904,38.999855032,38.4281274132,37.8607251314,37.2971567915,36.7369714562,36.179757455,35.6251396456,35.0727793975,34.5223675006,33.9736445029,33.4263975357,32.8786801289,32.3305098528,31.7819073961,31.2329023101,30.6835193665,30.1337861864,29.5837314686,29.0333848171,28.4827761717,27.9319354478,27.3808922421,26.8296755943,26.2783137836,25.7268341558,25.175262979,24.6236253271,24.0719449893,23.5202444047,22.9685446179,22.4168652561,21.8652245217,21.3136392019,20.7621246896,20.2106950165,19.6593628945,19.1081397647,18.5570358514,18.0060602214,17.4552208453,16.904524661,16.3539776384,15.8035848438,15.2533505041,14.7032780702,14.1533702791,13.6036292155,13.0540563728,12.5046527155,11.9554187456,11.4063545774,10.8574600313,10.3087347611,9.76017844466,9.2117910877,8.66357353185,8.11552832542,7.56766123916,7.01998392533,6.47251860043,5.92530629917,5.37842141933,4.83199725103,4.28627064953,3.74165891607,3.19889152922,2.659220524,2.12476463845,1.5988885925,1.08688563779
63.3898930513,62.7213178951,61.5779132677,60.5802849566,59.5732036109,58.5953285232,57.6367773889,56.6997350867,55.783303202,54.8872898504,54.0112648913,53.1547992357,52.3174085422,51.4985711935,50.6977280448,49.9142870271,49.1476267922,48.3971008044,47.6620414771,46.9417644032,46.2355726129,45.5427608218,44.8626196222,44.1944395759,43.5375151657,42.8911485644,42.2546531843,41.6273569723,41.00860542,40.3977642642,39.794221857,39.197391192,38.6067115787,38.021649964,37.4417019051,36.8663922051,36.2952752275,35.7279349101,35.1639845029,34.6030660539,34.0448496668,33.4890325594,32.9353379502,32.3835138848,31.833332173,31.2845873587,30.7370978252,30.1906965445,29.6452628766,29.0999584254,28.554232863,28.0081857413,27.4618117711,26.9151251017,26.3681378451,25.8208635403,25.273316657,24.7255126196,24.1774676468,23.6291985753,23.0807226799,22.5320575071,21.9832207226,21.4342299726,20.8851027592,20.3358563281,19.7865075703,19.2370729352,18.6875683579,18.1380091969,17.5884101849,17.03878539,16.4891481869,15.9395112399,15.3898864941,14.8402851789,14.2907178217,13.7411942766,13.1917237708,12.6423149763,12.0929761199,11.5437151504,10.9945399962,10.4454589653,9.89648137232,9.34761852674,8.7988852979,8.25030259981,7.70190134056,7.15372869794,6.60585807539,6.0584048437,5.51155109757,4.96558421363,4.42095612589,3.87837190272,3.33891844859,2.80423296194,2.27671887474,1.7596689405,1.25749984988
64.1809881954,63.5120291023,62.366321442,61.3644772002,60.3512888217,59.3654503662,58.3971276152,57.4485662674,56.5189409298,55.6081442213,54.71584115,53.8417074607,52.9853722641,52.1464348528,51.3244632071,50.5189972937,49.7295513579,48.9556166333,48.196664086,47.4521472609,46.721505183,46.0041652957,45.2995464081,44.6070616285,43.9261212567,43.2561356108,42.5965177647,41.9466861724,41.3060671566,40.6740972422,40.0502253166,39.4339145995,38.8246444113,38.2219117282,37.6252325194,37.0341428603,36.4481998239,35.8669821524,35.290090715,34.7171487618,34.1478019845,33.5817183976,33.018588057,32.4581226299,31.9000548363,31.3441377774,30.7901441681,30.2378654856,29.6871110548,29.1377070918,28.5894957662,28.0423344168,27.4960946866,26.9506631782,26.4059345847,25.8618328268,25.3178400083,24.7735369075,24.2289938117,23.6842007632,23.1391632906,22.5938854576,22.0483725883,21.5026308603,20.9566673802,20.4104901166,19.8641078143,19.3175298947,18.770766357,18.223827683,17.6767247465,17.1294687306,16.5820710515,16.0345432932,15.4868971554,14.9391444195,14.3912969376,13.8433666565,13.295365687,12.7473064419,12.1992018703,11.6510658352,11.1029137003,10.5547632263,10.0066359246,9.4585590874,8.91056881686,8.36271452529,7.81506559424,7.26772117958,6.72082455948,6.17458394904,5.62930232719,5.08541938704,4.54356896516,4.00465408774,3.46993897755,2.94114503924,2.42053572276,1.91089538138,1.41551126965
64.907898057,64.2386413525,63.0911482872,62.0860343245,61.0681057067,60.0760787762,59.1001503818,58.1426057372,57.2026671323,56.2802826444,55.3751800584,54.4871046845,53.6157613955,52.7608307905,51.9219669989,51.0988002332,50.2909382992,49.4979684969,48.7194595372,47.9549635527,47.2040181638,46.4661485913,45.7408698006,45.0276886593,44.3261060948,43.6356192347,42.9557235144,42.2859147362,41.6256910655,40.9745549482,40.3320149366,39.6975874106,39.0707981829,38.4511839774,37.8382937733,37.2316900069,36.630949627,36.0356649998,35.4454446629,34.859913929,34.2787153412,33.701508985,33.1279726622,32.5578019351,31.9907100482,31.4264277377,30.8647029399,30.3053004073,29.7480012459,29.1926023833,28.6389159796,28.0867687926,27.5360015064,26.9864680335,26.4380347952,25.8905799836,25.3439927973,24.7981727036,24.2530287245,23.7084790531,23.1644513189,22.6208805879,22.077721339,21.5345035736,20.9910788677,20.4474695198,19.9036716956,19.3596857962,18.8155121293,18.271151811,17.7266067869,17.1818798576,16.6369746657,16.0918956854,15.5466482339,15.0012385106,14.4556736766,13.90996199,13.364113022,12.8181379868,12.272050236,11.7258659838,11.1796053589,10.6332939155,10.0869647888,9.54066174759,8.99444349435,8.4483896832,7.90260928331,7.35725210117,6.81252447554,6.26871032784,5.72619876623,5.18551912492,4.64738281336,4.11272951718,3.58276130624,3.0589682546,2.54296126174,2.03665750002,1.53999690667
65.5841018954,64.9146058092,63.7656765593,62.7579316581,61.7361866525,60.739173088,59.7571091662,58.7923073886,57.844023109,56.9122430116,55.9967387591,55.0973044937,54.2136985163,53.3456590556,52.4929016436,51.6551212085,50.8319931007,50.0231744874,49.2283057473,48.4470119464,47.6789043641,46.9235820648,46.1806335047,45.4496381626,44.7301681862,44.0217900411,43.324066154,42.6365565383,41.9588203913,41.2904176536,40.6309105205,39.9798648948,39.3368517735,38.7014485583,38.0732402834,37.4518207539,36.8367935873,36.2277731559,35.6243854243,35.0262686803,34.4330741583,33.8444665551,33.2601244382,32.67974055,32.1030220112,31.5296904268,30.9594819004,30.392146963,29.8274504216,29.2651711368,28.7051017331,28.1470482533,27.5908297617,27.0362779045,26.4832364351,25.9315607104,25.3811171658,24.8317827743,24.2834444959,23.735998724,23.1893507345,22.6434141441,22.0981103841,21.5533681678,21.0091229885,20.4653162891,19.9218953573,19.3788097035,18.8360202732,18.2934758998,17.7507486341,17.2078975291,16.6649073599,16.1217782958,15.5785090548,15.035100261,14.4915538831,13.9478735459,13.4040648442,12.8601358209,12.3160976028,11.771965237,11.2277587833,10.6835047305,10.1392378175,9.59500335054,9.050860112,8.50688395187,7.96317212769,7.41984840284,6.87706879061,6.33502767457,5.7939635545,5.25416383531,4.71596476702,4.1797522849,3.64592616194,3.11495844153,2.5869971536,2.06318337105,1.53999661677
66.2189409003,65.5492468892,64.3991301134,63.3892093263,62.3643066518,61.3631645043,60.3760164549,59.4051947295,58.4499786647,57.5103830389,56.5862115472,55.6772941011,54.7834282778,53.9043948357,53.0399548114,52.1898513147,51.3538102364,50.5315413095,49.7227391568,48.9270844095,48.144244868,47.3738767044,46.6156256986,45.8691285014,45.1340139172,44.4099041993,43.6964163511,42.9931634239,42.2997558062,41.6158024953,40.9409123448,40.2746952802,39.6167634766,38.966732491,38.3242223432,37.6888585398,37.0602730359,36.4381051291,35.822002283,35.2116208759,34.6066268726,34.0066964169,33.4115163442,32.8207846143,32.2342106642,31.6515156822,31.0724328064,30.4967072487,29.9240963493,29.3543695637,28.7873083881,28.2227062269,27.6603682073,27.100110947,26.5417622784,25.9851609365,25.4301562149,24.876607595,24.3243843531,23.7733651508,23.2234376133,22.6744978986,22.1264502634,21.5792066276,21.0326861415,20.4868147585,19.9415248147,19.3967546166,18.8524480413,18.3085541547,17.7650268605,17.2218246262,16.6789101557,16.1362505861,15.5938150559,15.0515817268,14.5093963607,13.967104936,13.4247364268,12.8822912169,12.3397778749,11.7972072684,11.2545944017,10.7119591955,10.1693276541,9.62673316258,9.08421794856,8.54183466643,7.99964801673,7.45773623627,6.91619216228,6.37512345419,5.83465110261,5.29490586363,4.75601844195,4.21811218569,3.68125226237,3.14552092718,2.610520506,2.07707387525,1.53999646373
66.819203069,66.1493418787,64.9982220082,63.9864629685,62.958891705,61.9542586892,60.9628089586,59.9868895111,59.0257976999,58.0795694659,57.1480326986,56.2310443994,55.3284319781,54.440008596,53.5655700748,52.7048964883,51.8577526529,51.0238889592,50.2030421802,49.3949363406,48.5992836223,47.8157853065,47.0441327462,46.2840083646,45.5350866749,44.7970353154,44.0695160957,43.3521860479,42.6446984777,41.9467040097,41.2578516222,40.5777896653,39.9061668575,39.2426332555,38.5868411927,37.9384461809,37.2971077713,36.6624903711,36.0342640102,35.4121050575,34.795696881,34.1847304515,33.5789048868,32.9779279351,32.3815163984,31.7893964927,31.2013041486,30.61698525,30.0361958155,29.4587021211,28.8842807687,28.3127187019,27.743813173,27.1773716628,26.6132117593,26.0511609957,25.4910566545,24.9327455396,24.376083721,23.8209362562,23.2671768906,22.7146877432,22.1633589777,21.6130884661,21.0637814442,20.515350165,19.9677135508,19.4207968479,18.8745312847,18.3288537369,17.7837064002,17.2390364736,16.6947958536,16.1509408418,15.607431866,15.0642332175,14.5213128039,13.9786419138,13.4361950073,12.8939494915,12.3518856501,11.8099865619,11.2682379299,10.7266314032,10.1850841693,9.64357774233,9.10214962216,8.5608346431,8.01967408902,7.47871412839,6.93800484149,6.39759770233,5.8575408953,5.31787221639,4.77860531148,4.23971905484,3.70110087601,3.16262693235,2.62362719486,2.08471761425,1.53999637911
62.5557032728,62.0617604958,61.7266042602,61.2737854062,60.7785256085,60.2280029383,59.6315364044,58.9930811628,58.3180492653,57.6115070216,56.8785124983,56.1239183026,55.3523184073,54.5679756772,53.7747744994,52.9761887938,52.1752674549,51.3746349897,50.5765052294,49.7827053878,48.9947076518,48.2136655614,47.440452702,46.6757016037,45.9198411829,45.1731315129,44.4356951394,43.7075445368,42.9886056074,42.2787373611,41.577748078,40.8854083489,40.2014614341,39.5256313844,38.8576293368,38.197158359,37.5439171595,36.8976029277,36.2579135164,35.6245491321,34.9972136599,34.3756157169,33.7594695029,33.1484954976,32.5424210379,31.9409808007,31.3439172048,30.7509807462,30.1619302708,29.5765331933,28.9945656639,28.4158126867,27.8400681935,27.2671350741,26.6968251667,26.1289592114,25.5633667682,24.9998861035,24.4383640478,23.8786558274,23.3206248728,22.7641426077,22.2090882211,21.6553484256,21.1028172051,20.5513955547,20.0009912162,19.4515184115,18.9028975767,18.3550550999,17.8079230642,17.2614389992,16.7155456398,16.1701906961,15.6253266311,15.080910447,14.5369034751,13.993271167,13.4499828792,12.9070116448,12.3643339239,11.8219293222,11.2797802717,10.7378716637,10.1961904307,9.65472507656,9.11346515774,8.57240072693,8.03152175292,7.49081754158,6.95027617207,6.40988402482,5.86962524191,5.32948190441,4.78943192679,4.24945677034,3.70951066879,3.16964450236,2.62900509332,2.08772175477,1.53999634577
60.9834355402,60.4943936253,60.1878464074,59.7837196475,59.354952759,58.8861176715,58.3838878498,57.8494729471,57.2855244721,56.6944032364,56.0785943971,55.4405787347,54.7828362575,54.107815379,53.4179110084,52.7154419559,52.0026309754,51.2815872814,50.5542920315,49.8225869135,49.0881658974,48.3525700879,47.6171855243,46.8832436952,46.1518244815,45.4238611983,44.7001473853,43.9813449861,43.267993564,42.5605202174,41.859249887,41.1644157777,40.4761696584,39.7945918404,39.119700679,38.4514614796,37.7897947266,37.1345835883,36.4856806766,35.8429140665,35.2060925988,34.5750105034,33.9494513909,33.3291916674,32.7140034289,32.1036568945,31.4979224329,30.8965722368,30.299381693,29.7061304934,29.1166035253,28.5305915764,27.9478918827,27.368308546,26.7916528414,26.2177434332,25.646406514,25.0774758787,24.5107929458,23.9462067312,23.3835737853,22.8227580961,22.2636309656,21.7060708624,21.1499632542,20.5952004238,20.0416812702,19.4893110973,18.9380013915,18.3876695904,17.8382388424,17.2896377587,16.7418001578,16.1946648034,15.6481751351,15.1022789929,14.5569283351,14.0120789504,13.4676901641,12.9237245397,12.3801475773,11.8369274093,11.2940344962,10.7514413251,10.2091221123,9.66705251534,9.12520935611,8.58357035973,8.042113912,7.50081884172,6.95966422012,6.41862922386,5.87769288861,5.33683445377,4.79603150277,4.25526707411,3.71450106371,3.17378451718,2.63200729724,2.08926622018,1.53999632862
59.8785970699,59.3916823446,59.097632679,58.7151610595,58.3164370482,57.8851942194,57.4272691312,56.9429998079,56.4341407997,55.9021381972,55.34855777,54.7749703801,54.1829702001,53.5741579364,52.9501318,52.3124761417,51.662750748,51.0024804269,50.3331452794,49.6561717965,48.9729249315,48.2847012433,47.5927231765,46.8981345092,46.2019969723,45.5052880165,44.8088996829,44.1136385117,43.4202264101,42.729302386,42.0414250488,41.357075769,40.676662389,40.0005233763,39.3289323138,38.6621026258,38.0001924458,37.3433095402,36.6915162099,36.0448341039,35.4032488853,34.7667147039,34.1351584378,33.5084836739,32.8865744103,32.2692984656,31.6565105939,31.0480553032,30.4437693856,29.8434841687,29.2470275025,28.6542254962,28.0649040242,27.4788900175,26.8960125615,26.3161038164,25.73899978,25.1645409087,24.5925726142,24.0229456487,23.4555163954,22.8901470731,22.3267058693,21.7650670091,21.2051107711,20.6467234552,20.089797312,19.5342304372,18.9799266373,18.4267952713,17.8747510709,17.3237139441,16.7736087634,16.2243651436,15.6759172086,15.1282033518,14.5811659906,14.0347513175,13.4889090497,12.9435921775,12.3987567157,11.8543614565,11.3103677285,10.7667391608,10.2234414552,9.68044216732,9.13771049757,8.59521709383,8.0529338657,7.51083381368,6.96889086371,6.42707974776,5.88537576864,5.3437550955,4.80219300394,4.26067039596,3.71914727787,3.17766838029,2.63477987009,2.09067055538,1.53999631303
59.0075288354,58.5218492579,58.2350815149,57.8653467644,57.4844279365,57.0756470064,56.6444345575,56.1907089874,55.7157928486,55.2206884377,54.7065093039,54.1743698822,53.6254085969,53.0607762199,52.4816319907,51.8891372165,51.2844491959,50.6687149752,50.0430652418,49.4086084303,48.7664251469,48.1175629895,47.4630318268,46.8037995855,46.140788581,45.4748724161,44.8068734584,44.1375608978,43.4676493772,42.7977981792,42.1286109437,41.4606358873,40.7943664875,40.1302425925,39.4686519116,38.8099318422,38.1543715852,37.5022145027,36.8536606703,36.2088695791,35.5679629439,34.9310275761,34.298118284,33.669260765,33.0444544578,32.4236753296,31.8068785708,31.1940011807,30.5849644258,29.9796761588,29.3780329891,28.7799222978,28.1852240957,27.5938127205,27.0055583783,26.4203285299,25.837989128,25.2584057117,24.6814443657,24.1069725513,23.5348598185,22.9649784083,22.3972037528,21.8314148836,21.2674947551,20.7053304934,20.144813576,19.5858399529,19.0283101125,18.4721291025,17.9172065091,17.3634564009,16.8107972434,16.2591517874,15.7084469358,15.1586135935,14.6095865025,14.0613040662,13.5137081652,12.9667439671,12.4203597327,11.8745066204,11.3291384907,10.7842117121,10.2396849699,9.69551907854,9.15167679985,8.6081226659,8.06482280845,7.52174479658,6.97885747397,6.43613083308,5.89353577637,5.35104436402,4.80862815009,4.26626419227,3.72391041303,3.18160351264,2.63758258495,2.0920902792,1.53999629726
58.2809600974,57.7961001653,57.5141759085,57.1529655674,56.7840217588,56.3904238704,55.9773647155,55.5445185144,55.0929571225,54.6234250685,54.136772073,53.6338442256,53.115509087,52.5826462915,52.0361460443,51.4769051338,50.9058232263,50.3237988919,49.7317256156,49.1304878272,48.5209570269,47.9039880561,47.2804155632,46.6510507013,46.0166780915,45.3780530764,44.7358992846,44.0909065189,43.4437289774,42.7949838116,42.1452500195,41.4950676684,40.8449374399,40.1953204813,39.5466385513,38.8992744385,38.2535726351,37.6098402417,36.9683480805,36.3293319929,35.6929942962,35.0595053753,34.429005384,33.8016060321,33.1773924355,32.5564250065,31.9387413644,31.3243582458,30.7132733978,30.1054674382,29.5009056671,28.8995398197,28.3013097476,27.7061450206,27.1139664427,26.5246874754,25.9382155664,25.3544533788,24.773299923,24.1946515888,23.6184030801,23.0444482551,22.4726808739,21.902995258,21.3352868649,20.7694527849,20.2053921613,19.6430065428,19.0822001714,18.5228802107,17.9649569217,17.4083437892,16.8529576046,16.2987185105,15.7455500096,15.193378945,14.6421354524,14.0917528916,13.542167757,12.9933195738,12.4451507794,11.897606595,11.3506348885,10.8041860313,10.2582127499,9.7126699753,9.16751468994,8.62270577462,8.07820385523,7.53397115237,6.98997132568,6.4461693483,5.90253127186,5.35902444132,4.81561592428,4.27227809179,3.72896561973,3.18570676235,2.64051217061,2.09358240818,1.53999628067
57.6537929666,57.1695212998,56.8910791246,56.5360248089,56.1757597316,55.793204745,55.3933977237,54.9758545032,54.541484778,54.0908664791,53.6246785835,53.1435929182,52.6483001913,52.1395017051,51.617909083,51.0842415759,50.5392236727,49.9835824304,49.4180447488,48.8433345993,48.2601702649,47.6692616244,47.071307518,46.4669932209,45.8569880503,45.2419431283,44.6224893161,43.9992353365,43.3727660932,42.7436411978,42.1123937071,41.4795290765,40.8455243267,40.2108274238,39.5758568668,38.9410014778,38.3066203853,37.6730431926,37.0405703185,36.4094734996,35.779996441,35.152355601,34.5267410956,33.903317709,33.2822259947,32.663583452,32.0474857648,31.4340080871,30.8232063623,30.2151186638,29.6097665423,29.0071563718,28.4072806805,27.8101194583,27.2156414324,26.6238053028,26.034560931,25.4478504768,24.8636094777,24.2817678678,23.7022509332,23.1249802023,22.5498742695,21.976849552,21.4058209807,20.8367026251,20.2694082552,19.7038518405,19.1399479911,18.57761234,18.0167618741,17.4573152122,16.8991928379,16.3423172872,15.7866132958,15.2320079104,14.6784305644,14.1258131247,13.5740899102,13.023197686,12.4730756361,11.9236653171,11.3749105948,10.8267575676,10.2791544768,9.73205160691,9.18540117739,8.63915722729,8.09327549383,7.54771328801,7.00242936005,6.45738378846,5.91253776202,5.3678537804,4.82329417447,4.27882634095,3.73440112835,3.19003857076,2.64361779103,2.09517548918,1.53999626295
57.0996700118,56.6158431253,56.3400371368,55.9896595426,55.6360058371,55.2618860793,54.8722299679,54.4664430972,54.0453225506,53.6093307072,53.1590280961,52.6949654656,52.2177102845,51.7278390551,51.2259377316,50.7125997766,50.1884245549,49.654015459,49.1099779726,48.5569176707,47.9954381947,47.4261392318,46.849614521,46.2664499079,45.677221468,45.082493714,44.4828179014,43.8787304463,43.270751463,42.6593834327,42.0451100076,41.4283949566,40.8096812558,40.189390325,39.5679214103,38.9456511128,38.3229330591,37.7000977123,37.0774523163,36.4552809691,35.8338448189,35.2133823743,34.5941099214,33.9762220401,33.3598922087,32.7452734895,32.1324992853,31.5216841567,30.9129246919,30.3063004188,29.7018747503,29.0996959545,28.4997981403,27.9022022509,27.3069170575,26.7139401453,26.1232588866,25.5348513931,24.9486874436,24.3647293812,23.7829329761,23.2032482508,22.6256202643,22.0499898529,21.4762943259,20.9044681154,20.3344433784,19.7661505519,19.1995188614,18.6344767817,18.0709524529,17.508874052,16.9481701214,16.3887698559,15.8306033515,15.2736018161,14.7176977455,14.1628250668,13.608919251,13.0559173976,12.5037582929,11.9523824447,11.4017320955,10.8517512155,10.3023854789,9.75358222322,9.2052903955,8.65746048589,8.11004444984,7.56299562244,7.01626861831,6.46981924931,5.92360433663,5.37758191585,4.83170984665,4.28595078111,3.74025168978,3.19462510782,2.64692019004,2.09688125306,1.53999624397
56.6017089318,56.1182311477,55.844496421,55.4978035185,55.1493703235,54.7819257036,54.4003200736,54.003878394,53.5933155255,53.1690095766,52.7314347188,52.2810533644,51.8183429197,51.3437884438,50.8578834817,50.3611285821,49.8540301848,49.3370992558,48.8108498672,48.2757977094,47.7324585678,47.1813467834,46.6229737159,46.0578462252,45.4864651862,44.9093240493,44.3269074588,43.7396899376,43.1481346486,42.5526922397,41.9537997777,41.3518797778,40.7473393317,40.1405693372,39.5319438321,38.9218194323,38.310534875,37.6984106658,37.0857488277,36.4728327507,35.8599271378,35.2472780438,34.6351130033,34.0236412428,33.4130539709,32.803524742,32.1952098874,31.5882490073,30.9827655169,30.378867242,29.7766470557,29.1761835504,28.5775417397,27.9807737819,27.3859197214,26.7930082402,26.2020574148,25.6130754737,25.0260615486,24.4410064175,23.8578932328,23.2766982321,22.6973914273,22.1199372705,21.5442952916,20.9704207073,20.3982649996,19.8277764603,19.2589007033,18.6915811418,18.1257594305,17.5613758732,16.9983697958,16.4366798841,15.876244489,15.3170018979,14.7588905753,14.2018493717,13.6458177041,13.0907357082,12.5365443644,11.9831855988,11.4306023608,10.8787386796,10.3275396995,9.77695169784,9.22692208482,8.67739938859,8.1283332254,7.57967425868,7.03137414074,6.483385468,5.9356616323,5.38815704447,4.84082583081,4.29362660426,3.74650291502,3.19946093371,2.65041419352,2.09869622425,1.53999622376
56.1483873099,55.6651913867,55.3931303959,55.0494217647,54.7052244775,54.3432057474,53.9681557393,53.5793382166,53.1774057181,52.7626725448,52.3355475089,51.8964261501,51.4457176289,50.9838375947,50.5112092796,50.0282623153,49.5354319443,49.0331579963,48.5218838192,48.0020551436,47.4741189107,46.9385220748,46.3957103971,45.8461272417,45.2902123861,44.7284008555,44.1611217906,43.5887973562,43.0118416984,42.4306599561,41.8456473333,41.2571882356,40.6656554755,40.0714095499,39.4747979916,38.8761547976,38.2757999339,37.6740389186,37.0711624825,36.467446307,35.8631508368,35.258521168,34.6537870069,34.0491626984,33.4448473205,32.8410248418,32.2378643383,31.6355202648,31.0341327779,30.4338281064,29.8347189627,29.2369049932,28.6404732616,28.0454987612,27.4520449503,26.8601643087,26.2698989083,25.6812809951,25.0943335778,24.5090710194,23.9254996274,23.3436182405,22.7634188066,22.1848869502,21.6080025266,21.0327401597,20.4590697613,19.8869570306,19.3163639313,18.7472491453,18.1795685023,17.6132753832,17.0483210983,16.4846552384,15.9222259995,15.3609804806,14.8008649556,14.2418251183,13.6838063025,13.1267536772,12.5706124174,12.0153278519,11.460845589,10.9071116208,10.3540724076,9.80167494379,9.24986680499,8.69859618,8.14781188627,7.59746337312,7.04750070619,6.49787456324,5.94853612787,5.39943734007,4.85052967433,4.30176876681,3.75309561698,3.20451144184,2.65407083062,2.10060302143,1.53999620251
55.7314633663,55.2485001202,54.9778217898,54.6365831305,54.2958971871,53.9383830324,53.5687837378,53.1863152706,52.791581541,52.3848471048,51.9664698437,51.5367931867,51.0961730831,50.6449710021,50.1835551984,49.7122997285,49.2315838838,48.7417914038,48.2433096525,47.7365287341,47.2218405723,46.6996379618,46.1703136061,45.6342591481,45.0918642057,44.5435154175,43.9895955082,43.4304823782,42.8665482246,42.2981586985,41.7256721029,41.1494386358,40.5697996818,39.9870871547,39.4016228951,38.8137181232,38.2236729495,37.6317759444,37.0383037661,36.4435208495,35.8476791523,35.2510179615,34.6537637565,34.0561301284,33.4583177542,32.8605144236,32.2628951162,31.6656221265,31.0688452342,30.4727019174,29.8773176042,29.282805962,28.6892692183,28.0967985126,27.5054742738,26.9153666208,26.326535783,25.7390325369,25.1528986555,24.5681673679,23.9848638256,23.4030055719,22.8226030129,22.2436598863,21.6661737254,21.0901363169,20.5155341491,19.9423488497,19.3705576095,18.8001335932,18.2310463326,17.663262104,17.0967442858,16.5314536988,15.9673489248,15.4043866064,14.8425217255,14.2817078608,13.7218974253,13.1630418823,12.6050919415,12.0479977352,11.4917089746,10.9361750876,10.3813453379,9.82716892758,9.27359508182,8.72057311913,8.16805250574,7.61598289789,7.06431416572,6.51299642762,5.96197998521,5.41121560337,4.86065336358,4.31024718142,3.75993663586,3.20971950342,2.65784285596,2.10257363505,1.53999618053
